p_ext	p_amp	energy_A	sequence	binding_type	energy_B	int_energy
0.539179	0.18	0.15	GTCACGTGAT	direct	0.20	-2
0.505944	0.58	0.15	GTCACGTGAT	direct	0.20	-2
0.498672	0.58	0.41	ATCAGGTTAGCAGAT	direct	0.31	-2
0.479857	0.79	0.15	GTCACGTATAAGAT	direct	0	0
0.494356	0.58	0.15	GTCAtaaataCGTGAT	direct	0	-1
0.554812	0.58	0.15	GTCAgacaCGTGAT	direct	0.20	3
0.545281	0.38	0.41	ATCAGGTGAT	direct	0.20	2
0.492197	0.58	0.41	ATCAGGTGAT	direct	0.59	-1
0.503651	0.58	0.41	ATCAGGTGAT	direct	0	0
0.578344	0.28	0.15	GTCACGTGAT	direct	0.20	0
